feature,coefficient,absolute_coefficient
categorical__medical_specialty_Pediatrics-Endocrinology,-2.2625210774406157,2.2625210774406157
categorical__medical_specialty_Gynecology,-1.7727880741027164,1.7727880741027164
categorical__discharge_disposition_id_17,-1.6351697635651552,1.6351697635651552
categorical__medical_specialty_Otolaryngology,-1.5628942279024258,1.5628942279024258
categorical__discharge_disposition_id_15,1.5054901651528927,1.5054901651528927
categorical__admission_type_id_7,-1.4452334828534632,1.4452334828534632
categorical__medical_specialty_Hematology,1.2916344626489937,1.2916344626489937
categorical__discharge_disposition_id_28,1.2587950504542913,1.2587950504542913
categorical__admission_source_id_infrequent_sklearn,-1.2007124164315242,1.2007124164315242
categorical__tolbutamide_Steady,-1.1868333768400459,1.1868333768400459
categorical__discharge_disposition_id_9,1.1225397695751906,1.1225397695751906
categorical__medical_specialty_Obstetrics,-1.0867013438353212,1.0867013438353212
categorical__discharge_disposition_id_23,-1.0816066923261665,1.0816066923261665
categorical__discharge_disposition_id_22,0.9582564994559537,0.9582564994559537
categorical__chlorpropamide_infrequent_sklearn,-0.8648781995364568,0.8648781995364568
categorical__tolbutamide_No,0.8587331745699692,0.8587331745699692
categorical__glipizide_metformin_infrequent_sklearn,-0.8537700075673832,0.8537700075673832
categorical__medical_specialty_Hematology/Oncology,0.8481192237427778,0.8481192237427778
categorical__medical_specialty_Radiology,0.799206463819087,0.799206463819087
categorical__medical_specialty_Pediatrics-CriticalCare,-0.7674397763544369,0.7674397763544369
categorical__discharge_disposition_id_24,-0.737744305482239,0.737744305482239
categorical__medical_specialty_InfectiousDiseases,0.700656457103598,0.700656457103598
categorical__nateglinide_Up,-0.6829993407074616,0.6829993407074616
categorical__medical_specialty_Pathology,-0.6592633909384781,0.6592633909384781
categorical__medical_specialty_Surgery-Plastic,0.6458269669139148,0.6458269669139148
categorical__discharge_disposition_id_5,0.6128418719121624,0.6128418719121624
categorical__acarbose_Steady,-0.5854892694743463,0.5854892694743463
categorical__medical_specialty_Oncology,0.581254690774251,0.581254690774251
categorical__admission_source_id_8,0.5810123381494489,0.5810123381494489
categorical__medical_specialty_Anesthesiology-Pediatric,0.5773507503788965,0.5773507503788965
categorical__medical_specialty_Nephrology,0.549267469065483,0.549267469065483
categorical__medical_specialty_Surgery-Cardiovascular,-0.5437086768713738,0.5437086768713738
categorical__glipizide_metformin_No,0.5256698052974489,0.5256698052974489
categorical__medical_specialty_Endocrinology,-0.5181545512080302,0.5181545512080302
categorical__chlorpropamide_No,0.5037993520992466,0.5037993520992466
categorical__admission_type_id_infrequent_sklearn,0.5022721518054234,0.5022721518054234
categorical__diag_1_group_Missing,0.49526725268022836,0.49526725268022836
categorical__discharge_disposition_id_1,-0.4950092400683341,0.4950092400683341
categorical__medical_specialty_Surgery-Vascular,0.44550426539999416,0.44550426539999416
categorical__metformin_rosiglitazone_infrequent_sklearn,-0.4439070193840348,0.4439070193840348
categorical__repaglinide_Down,-0.4436350705807038,0.4436350705807038
categorical__medical_specialty_infrequent_sklearn,0.4181030587927862,0.4181030587927862
categorical__discharge_disposition_id_25,-0.41303074886015045,0.41303074886015045
categorical__medical_specialty_Psychiatry,0.4124337344845216,0.4124337344845216
categorical__discharge_disposition_id_infrequent_sklearn,-0.41113589176597964,0.41113589176597964
categorical__troglitazone_infrequent_sklearn,-0.4083527897404827,0.4083527897404827
categorical__medical_specialty_PhysicalMedicineandRehabilitation,0.39948045534376336,0.39948045534376336
categorical__acarbose_Up,0.38649789278331353,0.38649789278331353
categorical__medical_specialty_Neurology,-0.3714944880483726,0.3714944880483726
categorical__miglitol_Steady,-0.3631340798845698,0.3631340798845698
categorical__acetohexamide_infrequent_sklearn,-0.361486610943943,0.361486610943943
categorical__admission_source_id_3,0.3487342178626173,0.3487342178626173
categorical__rosiglitazone_Down,-0.3348256894194186,0.3348256894194186
categorical__glimepiride_pioglitazone_No,-0.3281002022677093,0.3281002022677093
categorical__metformin_pioglitazone_No,-0.3281002022677093,0.3281002022677093
categorical__repaglinide_Up,0.31851376792550584,0.31851376792550584
categorical__age_[0-10),-0.3183222135312848,0.3183222135312848
categorical__discharge_disposition_id_8,-0.3161100537040415,0.3161100537040415
categorical__medical_specialty_Hospitalist,-0.2965555391772789,0.2965555391772789
categorical__medical_specialty_Gastroenterology,0.289792554213364,0.289792554213364
categorical__tolazamide_infrequent_sklearn,-0.28821796354490037,0.28821796354490037
categorical__medical_specialty_Surgeon,0.28640317950665667,0.28640317950665667
categorical__metformin_Up,-0.28543182119158467,0.28543182119158467
categorical__discharge_disposition_id_6,-0.28517306857509467,0.28517306857509467
categorical__medical_specialty_Family/GeneralPractice,0.28180500290461585,0.28180500290461585
categorical__medical_specialty_Surgery-Thoracic,0.27854121960926415,0.27854121960926415
categorical__diabetes_med_No,-0.2761902339622223,0.2761902339622223
categorical__medical_specialty_Rheumatology,0.2761366142199204,0.2761366142199204
categorical__medical_specialty_Urology,0.2756521297034067,0.2756521297034067
categorical__glyburide_metformin_infrequent_sklearn,-0.2730372880363533,0.2730372880363533
categorical__age_[10-20),-0.26753410364935637,0.26753410364935637
categorical__glyburide_Down,-0.2674719108032329,0.2674719108032329
categorical__medical_specialty_Pulmonology,0.2639993397707725,0.2639993397707725
categorical__discharge_disposition_id_4,-0.2535343610797143,0.2535343610797143
numeric__number_inpatient,0.2441293193355549,0.2441293193355549
categorical__diag_3_group_Neoplasm,0.23319207142795143,0.23319207142795143
categorical__diag_3_group_Missing,-0.22999380120815022,0.22999380120815022
categorical__acarbose_No,-0.22809720294741867,0.22809720294741867
categorical__medical_specialty_InternalMedicine,0.22537694327837943,0.22537694327837943
categorical__glimepiride_Steady,-0.22048541353838388,0.22048541353838388
categorical__medical_specialty_Orthopedics-Reconstructive,-0.21930163908859326,0.21930163908859326
categorical__diag_2_group_Neoplasm,0.21818107390323188,0.21818107390323188
categorical__diag_1_group_Respiratory,-0.2151102447738161,0.2151102447738161
categorical__max_glu_serum_Norm,-0.21016928045949468,0.21016928045949468
categorical__admission_type_id_6,0.20560911175531082,0.20560911175531082
categorical__medical_specialty_Ophthalmology,-0.2056058737459862,0.2056058737459862
categorical__medical_specialty_ObstetricsandGynecology,-0.2039130710539994,0.2039130710539994
categorical__medical_specialty_Orthopedics,0.19329227974016486,0.19329227974016486
categorical__pioglitazone_Steady,-0.19254725893029595,0.19254725893029595
categorical__admission_source_id_5,-0.1921636770925438,0.1921636770925438
categorical__gender_Female,-0.1848352849654156,0.1848352849654156
categorical__diag_1_group_Musculoskeletal,-0.17982456437810213,0.17982456437810213
categorical__change_Ch,-0.17940822670107368,0.17940822670107368
categorical__age_[20-30),0.17544072011028866,0.17544072011028866
categorical__medical_specialty_Surgery-Cardiovascular/Thoracic,-0.17044112200849124,0.17044112200849124
categorical__nateglinide_infrequent_sklearn,0.1693507510868831,0.1693507510868831
categorical__glipizide_Steady,-0.16932445888149603,0.16932445888149603
categorical__admission_type_id_2,0.16850772758396373,0.16850772758396373
categorical__diag_3_group_External_or_Supplementary,-0.16739236235707192,0.16739236235707192
categorical__glipizide_No,-0.1661358442643003,0.1661358442643003
categorical__admission_source_id_20,0.16463416066375763,0.16463416066375763
categorical__metformin_Steady,-0.15656059769724295,0.15656059769724295
categorical__admission_source_id_22,0.15628650456737397,0.15628650456737397
categorical__glipizide_Down,0.15539559337030395,0.15539559337030395
categorical__rosiglitazone_Up,-0.15083617440207528,0.15083617440207528
categorical__medical_specialty_Surgery-General,0.14968412966344105,0.14968412966344105
categorical__change_No,-0.14869197547070032,0.14869197547070032
categorical__glipizide_Up,-0.1480354925382596,0.1480354925382596
categorical__diag_2_group_Respiratory,-0.14645358215410265,0.14645358215410265
categorical__metformin_Down,0.14629733619960505,0.14629733619960505
categorical__a1_cresult_Norm,-0.14434153961409768,0.14434153961409768
categorical__gender_Male,-0.14326491728205087,0.14326491728205087
categorical__age_[50-60),-0.14250838298043422,0.14250838298043422
categorical__race_Other,-0.14152038309875095,0.14152038309875095
categorical__a1_cresult_>7,-0.13782441638762524,0.13782441638762524
categorical__diag_2_group_Musculoskeletal,-0.12884799835853852,0.12884799835853852
categorical__insulin_No,-0.1270115257343983,0.1270115257343983
categorical__diag_1_group_Digestive,-0.12699045149751997,0.12699045149751997
categorical__insulin_Steady,-0.12488442992320077,0.12488442992320077
categorical__metformin_rosiglitazone_No,0.11580681711891848,0.11580681711891848
numeric__had_prior_utilization,0.1149274936061092,0.1149274936061092
categorical__tolazamide_Steady,-0.11407714953051515,0.11407714953051515
categorical__medical_specialty_Obsterics&Gynecology-GynecologicOnco,0.11288619302095572,0.11288619302095572
categorical__admission_type_id_1,0.11099102553604849,0.11099102553604849
categorical__admission_source_id_9,-0.11097421931721495,0.11097421931721495
categorical__diag_1_group_Other,-0.10981688188795546,0.10981688188795546
categorical__diag_1_group_Injury,-0.10717714668695015,0.10717714668695015
categorical__admission_source_id_4,-0.10711946729710518,0.10711946729710518
categorical__diag_1_group_Neoplasm,-0.10425541312080057,0.10425541312080057
categorical__repaglinide_Steady,-0.10355024236906023,0.10355024236906023
categorical__medical_specialty_SurgicalSpecialty,-0.10234641992844289,0.10234641992844289
categorical__diag_2_group_Genitourinary,-0.10195714339651009,0.10195714339651009
categorical__medical_specialty_Pediatrics-Pulmonology,-0.10005881058574538,0.10005881058574538
numeric__service_utilization,0.100053170842336,0.100053170842336
categorical__repaglinide_No,-0.09942865726575711,0.09942865726575711
categorical__acarbose_infrequent_sklearn,0.09898837735800682,0.09898837735800682
categorical__discharge_disposition_id_7,-0.09738840611084112,0.09738840611084112
categorical__max_glu_serum_>200,-0.09698481281103644,0.09698481281103644
categorical__glyburide_metformin_Steady,-0.09694751499802312,0.09694751499802312
categorical__nateglinide_No,0.09612290947994882,0.09612290947994882
categorical__race_Hispanic,-0.09506410124603017,0.09506410124603017
categorical__diag_1_group_Genitourinary,-0.09239000449043563,0.09239000449043563
categorical__admission_type_id_3,0.09189973289052142,0.09189973289052142
categorical__rosiglitazone_No,0.09124048611006096,0.09124048611006096
categorical__nateglinide_Steady,0.08942547788620323,0.08942547788620323
categorical__age_[70-80),0.08721947935347675,0.08721947935347675
categorical__discharge_disposition_id_18,-0.08335726947865728,0.08335726947865728
numeric__number_diagnoses,0.08233737682465309,0.08233737682465309
categorical__diag_3_group_Musculoskeletal,-0.08172434421310484,0.08172434421310484
categorical__diag_3_group_Injury,-0.08124252045000033,0.08124252045000033
categorical__diag_2_group_Other,-0.08041843064108758,0.08041843064108758
categorical__troglitazone_No,0.08025258747585917,0.08025258747585917
categorical__insulin_Up,-0.0787786178038831,0.0787786178038831
categorical__age_[80-90),0.0783244174886512,0.0783244174886512
categorical__admission_source_id_17,-0.0779668178718774,0.0779668178718774
categorical__diag_2_group_Circulatory,-0.07781277124380118,0.07781277124380118
numeric__number_outpatient,-0.0768298664516693,0.0768298664516693
categorical__glimepiride_Down,-0.07602245519528876,0.07602245519528876
categorical__pioglitazone_No,-0.07538462204831398,0.07538462204831398
categorical__tolazamide_No,0.07419491080187327,0.07419491080187327
categorical__diag_2_group_Missing,0.07180353224846142,0.07180353224846142
categorical__medical_specialty_Osteopath,0.07160311054177237,0.07160311054177237
categorical__diag_2_group_Diabetes,0.07034049209227818,0.07034049209227818
categorical__diag_3_group_Genitourinary,0.0685002672684097,0.0685002672684097
categorical__rosiglitazone_Steady,0.06632117539353628,0.06632117539353628
categorical__diag_3_group_Other,-0.06568459879921044,0.06568459879921044
categorical__diag_3_group_Circulatory,-0.06414278568205586,0.06414278568205586
categorical__pioglitazone_Up,-0.06074831407344136,0.06074831407344136
categorical__medical_specialty_Podiatry,0.0601961063591661,0.0601961063591661
categorical__age_[60-70),0.05836314974041019,0.05836314974041019
categorical__admission_source_id_7,0.055904808723887665,0.055904808723887665
categorical__race_Asian,-0.053734732740771236,0.053734732740771236
categorical__diabetes_med_Yes,-0.05190996840775658,0.05190996840775658
categorical__diag_2_group_External_or_Supplementary,-0.05153854977334883,0.05153854977334883
categorical__diag_2_group_Digestive,-0.05147393256663504,0.05147393256663504
categorical__diag_2_group_Injury,-0.04992289234207134,0.04992289234207134
categorical__discharge_disposition_id_2,0.04973489173630138,0.04973489173630138
categorical__medical_specialty_Psychology,0.04847641730530306,0.04847641730530306
categorical__age_[90-100),-0.04755846286886931,0.04755846286886931
categorical__a1_cresult_>8,-0.045934246312730236,0.045934246312730236
categorical__diag_3_group_Digestive,0.04584035729423713,0.04584035729423713
categorical__medical_specialty_Emergency/Trauma,0.044930228686912474,0.044930228686912474
categorical__diag_1_group_External_or_Supplementary,0.041914300235623245,0.041914300235623245
categorical__glyburide_metformin_No,0.04188460077109765,0.04188460077109765
categorical__miglitol_No,0.04183285632875169,0.04183285632875169
categorical__age_[40-50),0.03728152622557484,0.03728152622557484
categorical__admission_source_id_1,0.037200651011816604,0.037200651011816604
categorical__diag_1_group_Diabetes,0.03616380347251777,0.03616380347251777
categorical__glyburide_Up,-0.03604104943274344,0.03604104943274344
categorical__medical_specialty_Radiologist,0.03458999543035232,0.03458999543035232
categorical__diag_1_group_Circulatory,0.03411914815122946,0.03411914815122946
categorical__acetohexamide_No,0.033386408676986556,0.033386408676986556
numeric__num_medications,0.033368925107187565,0.033368925107187565
categorical__chlorpropamide_Steady,0.03297864516761308,0.03297864516761308
categorical__metformin_No,-0.03240511958235613,0.03240511958235613
numeric__num_lab_procedures,0.028674735009722792,0.028674735009722792
categorical__discharge_disposition_id_3,-0.026498649473640477,0.026498649473640477
categorical__race_Caucasian,-0.025409319605821146,0.025409319605821146
categorical__admission_type_id_8,0.02406810663500353,0.02406810663500353
numeric__num_procedures,-0.023058349995022858,0.023058349995022858
categorical__max_glu_serum_>300,-0.020946109083490982,0.020946109083490982
categorical__medical_specialty_Cardiology,-0.01990965887346719,0.01990965887346719
categorical__glyburide_Steady,-0.019366044305872722,0.019366044305872722
numeric__number_emergency,0.016996848572937567,0.016996848572937567
categorical__glimepiride_Up,-0.016242220060059105,0.016242220060059105
categorical__glimepiride_No,-0.015350113526672711,0.015350113526672711
numeric__time_in_hospital,0.014641464370827835,0.014641464370827835
categorical__diag_3_group_Diabetes,0.014428074491711228,0.014428074491711228
categorical__medical_specialty_Surgery-Neuro,-0.013945997867014474,0.013945997867014474
categorical__admission_type_id_5,0.0137854244113997,0.0137854244113997
categorical__medical_specialty_Pediatrics,-0.013259905673047355,0.013259905673047355
categorical__race_AfricanAmerican,-0.01237166569503217,0.01237166569503217
categorical__admission_source_id_6,0.011200408771617395,0.011200408771617395
categorical__age_[30-40),0.01119366781549468,0.01119366781549468
categorical__miglitol_infrequent_sklearn,-0.006798978718160786,0.006798978718160786
categorical__admission_source_id_2,0.0058633060227874035,0.0058633060227874035
categorical__glyburide_No,-0.0052211978135322384,0.0052211978135322384
categorical__insulin_Down,0.0025743711787350743,0.0025743711787350743
categorical__pioglitazone_Down,0.0005799927827272647,0.0005799927827272647
categorical__diag_3_group_Respiratory,0.00011943993825728393,0.00011943993825728393
